<?xml version="1.0" encoding="UTF-8"?>
<unload unload_date="2019-06-14 16:56:16">
<sys_script action="INSERT_OR_UPDATE">
<abort_action>false</abort_action>
<access>package_private</access>
<action_delete>false</action_delete>
<action_insert>true</action_insert>
<action_query>false</action_query>
<action_update>true</action_update>
<active>true</active>
<add_message>false</add_message>
<advanced>true</advanced>
<change_fields>false</change_fields>
<client_callable>false</client_callable>
<collection>incident</collection>
<condition/>
<description/>
<execute_function>false</execute_function>
<filter_condition table="incident">major_incident_state=accepted^stateCHANGESTO6^EQ<item goto="false" or="false" field="major_incident_state" endquery="false" value="accepted" operator="=" newquery="false"/>
<item goto="false" or="false" field="state" endquery="false" value="6" operator="CHANGESTO" newquery="false"/>
<item goto="false" or="false" field="" endquery="true" value="" operator="=" newquery="false"/>
</filter_condition>
<is_rest>false</is_rest>
<message/>
<name>MIM Close Status Update on Resolved</name>
<order>75</order>
<priority>100</priority>
<rest_method display_value=""/>
<rest_method_text/>
<rest_service display_value=""/>
<rest_service_text/>
<rest_variables/>
<role_conditions/>
<script><![CDATA[(function executeRule(current, previous /*null when async*/) {
	
	//gs.info('COMM PLAN - I am running the comm plan update on resolved.');
	var plan = new GlideRecord('incident_alert');
	plan.addQuery('source_incident', current.sys_id);
	plan.query();
	//gs.info('COMM PLAN - I found ' + plan.getRowCount() + ' number of communication plans associated with ' + current.number);
	
	while (plan.next()) {
		//gs.info('COMM PLAN - the comm plan associated with ' + current.number + ' is ' + plan.number);
		var ict = new GlideRecord('incident_alert_task');
		ict.addQuery('incident_alert', plan.sys_id);
		ict.addEncodedQuery('short_descriptionLIKEupdate^stateNOT IN3,7');
		ict.query();
		
		while (ict.next()) {
			//gs.info('COMM PLAN - The Communication Task I am closing is ' + ict.number);
			ict.state = 3;
			ict.update();
		}
	}

})(current, previous);]]></script>
<sys_class_name>sys_script</sys_class_name>
<sys_created_by>ROTHTX</sys_created_by>
<sys_created_on>2019-03-15 20:11:04</sys_created_on>
<sys_customer_update>false</sys_customer_update>
<sys_domain>global</sys_domain>
<sys_domain_path>/</sys_domain_path>
<sys_id>6ac3401cdb5c7bc0cf09d024ce9619c5</sys_id>
<sys_mod_count>16</sys_mod_count>
<sys_name>MIM Close Status Update on Resolved</sys_name>
<sys_overrides display_value=""/>
<sys_package display_value="Major Incident Management" source="sn_major_inc_mgmt">2efa4be5db0003004d27b31be0b8f5e9</sys_package>
<sys_policy/>
<sys_replace_on_upgrade>false</sys_replace_on_upgrade>
<sys_scope display_value="Major Incident Management">2efa4be5db0003004d27b31be0b8f5e9</sys_scope>
<sys_update_name>sys_script_6ac3401cdb5c7bc0cf09d024ce9619c5</sys_update_name>
<sys_updated_by>ROTHTX</sys_updated_by>
<sys_updated_on>2019-03-18 15:56:08</sys_updated_on>
<template/>
<when>before</when>
</sys_script>
</unload>
