<?xml version="1.0" encoding="UTF-8"?>
<unload unload_date="2019-06-14 16:47:02">
<sys_script action="INSERT_OR_UPDATE">
<abort_action>false</abort_action>
<access>package_private</access>
<action_delete>false</action_delete>
<action_insert>true</action_insert>
<action_query>false</action_query>
<action_update>true</action_update>
<active>true</active>
<add_message>false</add_message>
<advanced>true</advanced>
<change_fields>false</change_fields>
<client_callable>false</client_callable>
<collection>incident</collection>
<condition/>
<description/>
<execute_function>false</execute_function>
<filter_condition table="incident">major_incident_stateVALCHANGES^EQ<item goto="false" or="false" field="major_incident_state" endquery="false" value="" operator="VALCHANGES" newquery="false"/>
<item goto="false" or="false" field="" endquery="true" value="" operator="=" newquery="false"/>
</filter_condition>
<is_rest>false</is_rest>
<message/>
<name>Major incident assign - no default user</name>
<order>100</order>
<priority>100</priority>
<rest_method display_value=""/>
<rest_method_text/>
<rest_service display_value=""/>
<rest_service_text/>
<rest_variables/>
<role_conditions/>
<script><![CDATA[var prevGroup = previous.assignment_group;
var prevAssignee = previous.assigned_to;
var mimGroup = gs.getProperty('sn_major_inc_mgmt.major_incident_management_group');
if (mimGroup) {
	var onCall = (GlidePluginManager.isActive('com.snc.on_call_rotation')) ? new global.OnCallRotation() : null;
	if (current.major_incident_state == new sn_major_inc_mgmt.MajorIncidentTriggerRulesSNC().MAJOR_INCIDENT_STATE.PROPOSED && !prevGroup) {
		current.assignment_group = mimGroup;

		//check on-call rota for mim group
		if (onCall && groupHasRotas(mimGroup)) {
			var escalationPlan = whoIsOnCall(mimGroup);
			var planSize = escalationPlan.length;
			for (var i = 0; i < planSize; i++) {
				var contact = escalationPlan[i];
				if (isUserActive(contact.userId)) {
					current.assigned_to = contact.userId;
					break;
				}
			}
		}
		current.update();
	} else if (current.major_incident_state == new sn_major_inc_mgmt.MajorIncidentTriggerRulesSNC().MAJOR_INCIDENT_STATE.ACCEPTED) {
		if (prevGroup) {
			gs.eventQueue('sn_major_inc_mgmt.assignmentGroup.change', current, prevGroup, prevGroup.getDisplayValue());
		}
		if (prevAssignee) {
			gs.eventQueue('sn_major_inc_mgmt.assignedTo.change', current, prevAssignee, prevAssignee.getDisplayValue());
		}
		current.assignment_group = mimGroup;
		//current.assigned_to = gs.getUserID();
		
		//check on-call rota for mim group
		if (onCall && groupHasRotas(mimGroup)) {
			var escalationPlan = whoIsOnCall(mimGroup);
			var planSize = escalationPlan.length;
			for (var i = 0; i < planSize; i++) {
				var contact = escalationPlan[i];
				if (isUserActive(contact.userId)) {
					current.assigned_to = contact.userId;
					break;
				}
			}
		}
		
		current.update();
	}
}

function groupHasRotas(group) {
	if (group) {
		var rota = new GlideRecord('cmn_rota');
		rota.addActiveQuery();
		rota.query('group', group);
		return rota.next();
	}
	return false;
}

function isUserActive(userId) {
	var gr = new GlideRecord("sys_user");
	return gr.get(userId) && gr.active == true;
}

function whoIsOnCall(groupId) {
	if (groupId) {
		var escalatees = onCall.getEscalatees(groupId);
		for (var i = 0; i < escalatees.length; i++) {
			escalatees[i].id = escalatees[i].userId;
		}
		return escalatees;
	}
}]]></script>
<sys_class_name>sys_script</sys_class_name>
<sys_created_by>ROTHTX</sys_created_by>
<sys_created_on>2019-01-30 19:26:40</sys_created_on>
<sys_customer_update>false</sys_customer_update>
<sys_domain>global</sys_domain>
<sys_domain_path>/</sys_domain_path>
<sys_id>7da615c6db1f6b00ae1efb051d9619fb</sys_id>
<sys_mod_count>3</sys_mod_count>
<sys_name>Major incident assign - no default user</sys_name>
<sys_overrides display_value=""/>
<sys_package display_value="Major Incident Management" source="sn_major_inc_mgmt">2efa4be5db0003004d27b31be0b8f5e9</sys_package>
<sys_policy/>
<sys_replace_on_upgrade>false</sys_replace_on_upgrade>
<sys_scope display_value="Major Incident Management">2efa4be5db0003004d27b31be0b8f5e9</sys_scope>
<sys_update_name>sys_script_7da615c6db1f6b00ae1efb051d9619fb</sys_update_name>
<sys_updated_by>ROTHTX</sys_updated_by>
<sys_updated_on>2019-03-15 18:22:24</sys_updated_on>
<template/>
<when>after</when>
</sys_script>
</unload>
